--@formatter:off

-- Table Employee
INSERT INTO employee (login, email, first_name, last_name, department, phone, location, password, last_ldap_check, created_by, created_date) VALUES ('jntakpe', 'jocelyn.ntakpe@soprasteria.com', 'Joss', 'N''takpe', '512 SF CRÉDIT AGRICOLE LBP BDF', '5 1394', 'TOULOUSE COLO 1 - B1&B2', '$2a$10$LH5vuBPe8OcsZ7nBwg7LpuRKGeaBZjdrfC6e6KME9fKn.fyzeldse', CURRENT_TIMESTAMP, 'jntakpe', CURRENT_TIMESTAMP);
INSERT INTO employee (login, email, first_name, last_name, department, phone, location, password, last_ldap_check, created_by, created_date) VALUES ('gpeel', 'gauthier.peel@soprasteria.com', 'Gauthier', 'Peel', '042 DRH FORMATION ET DÉVELOPPEMENT', '4 7629', 'AIX PICHAURY', '$2a$10$LH5vuBPe8OcsZ7nBwg7LpuRKGeaBZjdrfC6e6KME9fKn.fyzeldse', CURRENT_TIMESTAMP, 'jntakpe', CURRENT_TIMESTAMP);
INSERT INTO employee (login, email, first_name, last_name, department, phone, location, password, last_ldap_check, created_by, created_date) VALUES ('sbourret', 'sebastien.bourret@soprasteria.com', 'Sébastien', 'Bourret', '112 LYON INDUSTRIE', '4 5572', 'LYON LIMONEST', '$2a$10$VXqsdFTF802HGOoaA/dO/ehomvjEItM8HabUIU1.TaDUEt5fMMnR2', '2015-01-01 00:00:00.751000', 'jntakpe', CURRENT_TIMESTAMP);
INSERT INTO employee (login, email, first_name, last_name, department, phone, location, password, last_ldap_check, created_by, created_date) VALUES ('jguerrin', 'julien.guerrin@soprasteria.com', 'Julien', 'Guerrin', '512 SF CRÉDIT AGRICOLE LBP BDF', '', 'TOULOUSE COLO 1 - B1&B2', '$2a$10$VXqsdFTF802HGOoaA/dO/ehomvjEItM8HabUIU1.TaDUEt5fMMnR2', CURRENT_TIMESTAMP, 'jntakpe', CURRENT_TIMESTAMP);
INSERT INTO employee (login, email, first_name, last_name, department, phone, location, password, last_ldap_check, created_by, created_date) VALUES ('schassande', 'sebastien.chassande@soprasteria.com', 'Sébastien', 'Chassande Barrioz', '113 GRENOBLE', '', 'GRENOBLE BARBUSSE', '$2a$10$VXqsdFTF802HGOoaA/dO/ehomvjEItM8HabUIU1.TaDUEt5fMMnR2', CURRENT_TIMESTAMP, 'jntakpe', CURRENT_TIMESTAMP);
INSERT INTO employee (login, email, first_name, last_name, department, phone, location, password, last_ldap_check, created_by, created_date) VALUES ('bheintz', 'benjamin.heintz@soprasteria.com', 'Benjamin', 'Heintz', '117 RAA CONSEIL', '', '	LYON LIMONEST', '$2a$10$VXqsdFTF802HGOoaA/dO/ehomvjEItM8HabUIU1.TaDUEt5fMMnR2', CURRENT_TIMESTAMP, 'jntakpe', CURRENT_TIMESTAMP);
INSERT INTO employee (login, email, first_name, last_name, department, phone, location, password, last_ldap_check, created_by, created_date) VALUES ('asirko', 'alexandre.sirko@soprasteria.com', 'Alexandre', 'Sirko', '081 MP TERTIAIRE DIGITAL', '', 'ALBI', '$2a$10$VXqsdFTF802HGOoaA/dO/ehomvjEItM8HabUIU1.TaDUEt5fMMnR2', CURRENT_TIMESTAMP, 'jntakpe', CURRENT_TIMESTAMP);
INSERT INTO employee (login, email, first_name, last_name, department, phone, location, password, last_ldap_check, created_by, created_date) VALUES ('vhamet', 'valentin.hamet@soprasteria.com', 'Valentin', 'Hamet', '512 SF CRÉDIT AGRICOLE LBP BDF', '', 'PARIS MANHATTAN', '$2a$10$VXqsdFTF802HGOoaA/dO/ehomvjEItM8HabUIU1.TaDUEt5fMMnR2', CURRENT_TIMESTAMP, 'jntakpe', CURRENT_TIMESTAMP);

-- Table Authority
INSERT INTO authority (name, created_by, created_date) VALUES ('USER', 'jntakpe', CURRENT_TIMESTAMP);
INSERT INTO authority (name, created_by, created_date) VALUES ('ADMIN', 'jntakpe', CURRENT_TIMESTAMP);
INSERT INTO authority (name, created_by, created_date) VALUES ('TRAINER', 'jntakpe', CURRENT_TIMESTAMP);

-- Table Employee_Authorities
INSERT INTO employee_authorities (employee_id, authorities_id) VALUES ((SELECT id FROM employee WHERE login='gpeel'), (SELECT id FROM authority WHERE name='USER'));
INSERT INTO employee_authorities (employee_id, authorities_id) VALUES ((SELECT id FROM employee WHERE login='gpeel'), (SELECT id FROM authority WHERE name='ADMIN'));
INSERT INTO employee_authorities (employee_id, authorities_id) VALUES ((SELECT id FROM employee WHERE login='gpeel'), (SELECT id FROM authority WHERE name='TRAINER'));
INSERT INTO employee_authorities (employee_id, authorities_id) VALUES ((SELECT id FROM employee WHERE login='jntakpe'), (SELECT id FROM authority WHERE name='USER'));
INSERT INTO employee_authorities (employee_id, authorities_id) VALUES ((SELECT id FROM employee WHERE login='jntakpe'), (SELECT id FROM authority WHERE name='ADMIN'));
INSERT INTO employee_authorities (employee_id, authorities_id) VALUES ((SELECT id FROM employee WHERE login='jntakpe'), (SELECT id FROM authority WHERE name='TRAINER'));
INSERT INTO employee_authorities (employee_id, authorities_id) VALUES ((SELECT id FROM employee WHERE login='schassande'), (SELECT id FROM authority WHERE name='USER'));
INSERT INTO employee_authorities (employee_id, authorities_id) VALUES ((SELECT id FROM employee WHERE login='bheintz'), (SELECT id FROM authority WHERE name='USER'));
INSERT INTO employee_authorities (employee_id, authorities_id) VALUES ((SELECT id FROM employee WHERE login='asirko'), (SELECT id FROM authority WHERE name='USER'));
INSERT INTO employee_authorities (employee_id, authorities_id) VALUES ((SELECT id FROM employee WHERE login='vhamet'), (SELECT id FROM authority WHERE name='USER'));

-- Table Training
INSERT INTO training (name, domain, duration, icon, created_by, created_date) VALUES ('hibernate', 'TECHNOLOGIES', 3, 'hibernate.png', 'gpeel', CURRENT_TIMESTAMP);
INSERT INTO training (name, domain, duration, icon, created_by, created_date) VALUES ('spring', 'TECHNOLOGIES', 3, 'spring.png', 'jntakpe', CURRENT_TIMESTAMP);
INSERT INTO training (name, domain, duration, icon, created_by, created_date) VALUES ('angularJS', 'TECHNOLOGIES', 3, 'angular-js.png', 'jntakpe', CURRENT_TIMESTAMP);
INSERT INTO training (name, domain, duration, icon, created_by, created_date) VALUES ('javascript', 'TECHNOLOGIES', 3, 'js.png', 'sbourret', CURRENT_TIMESTAMP);
INSERT INTO training (name, domain, duration, icon, created_by, created_date) VALUES ('js + angular', 'TECHNOLOGIES', 4, 'angular-js.png', 'jntakpe', CURRENT_TIMESTAMP);
INSERT INTO training (name, domain, duration, icon, created_by, created_date) VALUES ('angular 2', 'TECHNOLOGIES', 3, 'angular.svg','jntakpe', CURRENT_TIMESTAMP);
INSERT INTO training (name, domain, duration, icon, created_by, created_date) VALUES ('manager', 'MANAGEMENT', 3, 'manager.png', 'jntakpe', CURRENT_TIMESTAMP);
INSERT INTO training (name, domain, duration, icon, created_by, created_date) VALUES ('reactjs', 'TECHNOLOGIES', 3, 'reactjs.png', 'jntakpe', CURRENT_TIMESTAMP);
INSERT INTO training (name, domain, duration, icon, created_by, created_date) VALUES ('typescript', 'TECHNOLOGIES', 3, 'typescript.png', 'jntakpe', CURRENT_TIMESTAMP);

-- Table Location
INSERT INTO location (name, city, created_by, created_date) VALUES ('triangle', 'Paris', 'gpeel', CURRENT_TIMESTAMP);
INSERT INTO location (name, city, created_by, created_date) VALUES ('matei', 'Paris','jntakpe', CURRENT_TIMESTAMP);
INSERT INTO location (name, city, created_by, created_date) VALUES ('colo1', 'Toulouse','jntakpe', CURRENT_TIMESTAMP);
INSERT INTO location (name, city, created_by, created_date) VALUES ('colo2', 'Toulouse','jntakpe', CURRENT_TIMESTAMP);
INSERT INTO location (name, city, created_by, created_date) VALUES ('madeleine', 'Lille','jntakpe', CURRENT_TIMESTAMP);
INSERT INTO location (name, city, created_by, created_date) VALUES ('urban', 'Lille','jntakpe', CURRENT_TIMESTAMP);

-- Table Session
INSERT INTO session (start, location_id, training_id, trainer_id, created_by, created_date) VALUES (CURRENT_DATE, (SELECT id FROM location WHERE name = 'triangle' AND city='Paris'), (SELECT id FROM training WHERE name='hibernate'), (SELECT id FROM employee WHERE login='gpeel'), 'gpeel', CURRENT_TIMESTAMP);
INSERT INTO session (start, location_id, training_id, trainer_id, created_by, created_date) VALUES (CURRENT_DATE, (SELECT id FROM location WHERE name = 'triangle' AND city='Paris'), (SELECT id FROM training WHERE name='spring'), (SELECT id FROM employee WHERE login='gpeel'), 'gpeel', CURRENT_TIMESTAMP);
INSERT INTO session (start, location_id, training_id, trainer_id, created_by, created_date) VALUES ('2012-11-11', (SELECT id FROM location WHERE name = 'matei' AND city='Paris'), (SELECT id FROM training WHERE name='spring'), (SELECT id FROM employee WHERE login='gpeel'), 'gpeel', CURRENT_TIMESTAMP);
INSERT INTO session (start, location_id, training_id, trainer_id, created_by, created_date) VALUES ('2013-12-12', (SELECT id FROM location WHERE name = 'colo1' AND city='Toulouse'), (SELECT id FROM training WHERE name='spring'), (SELECT id FROM employee WHERE login='gpeel'), 'gpeel', CURRENT_TIMESTAMP);
INSERT INTO session (start, location_id, training_id, trainer_id, created_by, created_date) VALUES ('2014-12-12', (SELECT id FROM location WHERE name = 'matei' AND city='Paris'), (SELECT id FROM training WHERE name='spring'), (SELECT id FROM employee WHERE login='gpeel'), 'gpeel', CURRENT_TIMESTAMP);
INSERT INTO session (start, location_id, training_id, trainer_id, created_by, created_date) VALUES ('2015-12-12', (SELECT id FROM location WHERE name = 'triangle' AND city='Paris'), (SELECT id FROM training WHERE name='spring'), (SELECT id FROM employee WHERE login='gpeel'), 'gpeel', CURRENT_TIMESTAMP);
INSERT INTO session (start, location_id, training_id, trainer_id, created_by, created_date) VALUES ('2017-11-10', (SELECT id FROM location WHERE name = 'colo1' AND city='Toulouse'), (SELECT id FROM training WHERE name='angularJS'), (SELECT id FROM employee WHERE login='jntakpe'), 'jntakpe', CURRENT_TIMESTAMP);
INSERT INTO session (start, location_id, training_id, trainer_id, created_by, created_date) VALUES ('2011-10-10', (SELECT id FROM location WHERE name = 'colo1' AND city='Toulouse'), (SELECT id FROM training WHERE name='angularJS'), (SELECT id FROM employee WHERE login='jntakpe'), 'jntakpe', CURRENT_TIMESTAMP);
INSERT INTO session (start, location_id, training_id, trainer_id, created_by, created_date) VALUES ('2012-10-10', (SELECT id FROM location WHERE name = 'triangle' AND city='Paris'), (SELECT id FROM training WHERE name='angularJS'), (SELECT id FROM employee WHERE login='jntakpe'), 'jntakpe', CURRENT_TIMESTAMP);
INSERT INTO session (start, location_id, training_id, trainer_id, created_by, created_date) VALUES ('2013-10-10', (SELECT id FROM location WHERE name = 'matei' AND city='Paris'), (SELECT id FROM training WHERE name='angularJS'), (SELECT id FROM employee WHERE login='jntakpe'), 'jntakpe', CURRENT_TIMESTAMP);
INSERT INTO session (start, location_id, training_id, trainer_id, created_by, created_date) VALUES ('2014-10-10', (SELECT id FROM location WHERE name = 'colo1' AND city='Toulouse'), (SELECT id FROM training WHERE name='angularJS'), (SELECT id FROM employee WHERE login='jntakpe'), 'jntakpe', CURRENT_TIMESTAMP);
INSERT INTO session (start, location_id, training_id, trainer_id, created_by, created_date) VALUES ('2015-10-10', (SELECT id FROM location WHERE name = 'colo1' AND city='Toulouse'), (SELECT id FROM training WHERE name='angularJS'), (SELECT id FROM employee WHERE login='jntakpe'), 'jntakpe', CURRENT_TIMESTAMP);
INSERT INTO session (start, location_id, training_id, trainer_id, created_by, created_date) VALUES ('2016-10-10', (SELECT id FROM location WHERE name = 'colo1' AND city='Toulouse'), (SELECT id FROM training WHERE name='angularJS'), (SELECT id FROM employee WHERE login='jntakpe'), 'jntakpe', CURRENT_TIMESTAMP);
INSERT INTO session (start, location_id, training_id, trainer_id, created_by, created_date) VALUES ('2016-10-10', (SELECT id FROM location WHERE name = 'triangle' AND city='Paris'), (SELECT id FROM training WHERE name='manager'), (SELECT id FROM employee WHERE login='jntakpe'), 'jntakpe', CURRENT_TIMESTAMP);
INSERT INTO session (start, location_id, training_id, trainer_id, created_by, created_date) VALUES ('2016-10-10', (SELECT id FROM location WHERE name = 'triangle' AND city='Paris'), (SELECT id FROM training WHERE name='javascript'), (SELECT id FROM employee WHERE login='jntakpe'), 'jntakpe', CURRENT_TIMESTAMP);
INSERT INTO session (start, location_id, training_id, trainer_id, created_by, created_date) VALUES ('2017-10-10', (SELECT id FROM location WHERE name = 'colo1' AND city='Toulouse'), (SELECT id FROM training WHERE name='js + angular'), (SELECT id FROM employee WHERE login='gpeel'), 'jntakpe', CURRENT_TIMESTAMP);
INSERT INTO session (start, location_id, training_id, trainer_id, created_by, created_date) VALUES (CURRENT_DATE, (SELECT id FROM location WHERE name = 'triangle' AND city='Paris'), (SELECT id FROM training WHERE name='angular 2'), (SELECT id FROM employee WHERE login='jntakpe'), 'jntakpe', CURRENT_TIMESTAMP);

-- Table Rating
INSERT INTO rating (animation, cons, documentation, exercices, pratice, pros, subject, suggests, theory, anonymous, employee_id, session_id, created_by, created_date) VALUES (3, 'cannot get trainer phone number', 3, 3, 3, 'best training ever', 3, 3, 3, false, (SELECT id FROM employee WHERE login='gpeel'), (SELECT id FROM session LIMIT 1), 'jntakpe', CURRENT_TIMESTAMP);
INSERT INTO rating (animation, cons, documentation, exercices, pratice, pros, subject, suggests, theory, anonymous, employee_id, session_id, created_by, created_date) VALUES (0, 'cannot leave earlier', 0, 0, 0, 'worst training ever', 0, 0, 0, false, (SELECT id FROM employee WHERE login='sbourret'), (SELECT id FROM session LIMIT 1), 'jntakpe', CURRENT_TIMESTAMP);
INSERT INTO rating (animation, cons, documentation, exercices, pratice, pros, subject, suggests, theory, anonymous, employee_id, session_id, created_by, created_date) VALUES (3, 'cannot get trainer phone number', 3, 3, 3, 'best training ever', 3, 3, 3, false, (SELECT id FROM employee WHERE login='sbourret'), (SELECT id FROM session WHERE training_id=(SELECT id FROM training WHERE name='spring') LIMIT 1), 'jntakpe', CURRENT_TIMESTAMP);
INSERT INTO rating (animation, cons, documentation, exercices, pratice, pros, subject, suggests, theory, anonymous, employee_id, session_id, created_by, created_date) VALUES (NULL, NULL, NULL, NULL, NULL, NULL, NULL, NULL, NULL, false, (SELECT id FROM employee WHERE login='jntakpe'), (SELECT id FROM session WHERE training_id=(SELECT id FROM training WHERE name='angularJS') LIMIT 1), 'jntakpe', CURRENT_TIMESTAMP);
INSERT INTO rating (animation, cons, documentation, exercices, pratice, pros, subject, suggests, theory, anonymous, employee_id, session_id, created_by, created_date) VALUES (NULL, NULL, NULL, NULL, NULL, NULL, NULL, NULL, NULL, false, (SELECT id FROM employee WHERE login='jntakpe'), (SELECT id FROM session WHERE training_id=(SELECT id FROM training WHERE name='spring') LIMIT 1), 'jntakpe', CURRENT_TIMESTAMP);
INSERT INTO rating (animation, cons, documentation, exercices, pratice, pros, subject, suggests, theory, anonymous, employee_id, session_id, created_by, created_date) VALUES (NULL, NULL, NULL, NULL, NULL, NULL, NULL, NULL, NULL, false, (SELECT id FROM employee WHERE login='jntakpe'), (SELECT id FROM session WHERE training_id=(SELECT id FROM training WHERE name='hibernate') LIMIT 1), 'jntakpe', CURRENT_TIMESTAMP);
INSERT INTO rating (animation, cons, documentation, exercices, pratice, pros, subject, suggests, theory, anonymous, employee_id, session_id, created_by, created_date) VALUES (NULL, NULL, NULL, NULL, NULL, NULL, NULL, NULL, NULL, false, (SELECT id FROM employee WHERE login='schassande'), (SELECT id FROM session WHERE training_id=(SELECT id FROM training WHERE name='manager') LIMIT 1), 'jntakpe', CURRENT_TIMESTAMP);
INSERT INTO rating (animation, cons, documentation, exercices, pratice, pros, subject, suggests, theory, anonymous, employee_id, session_id, created_by, created_date) VALUES (NULL, NULL, NULL, NULL, NULL, NULL, NULL, NULL, NULL, false, (SELECT id FROM employee WHERE login='schassande'), (SELECT id FROM session WHERE training_id=(SELECT id FROM training WHERE name='hibernate') LIMIT 1), 'jntakpe', CURRENT_TIMESTAMP);
INSERT INTO rating (animation, cons, documentation, exercices, pratice, pros, subject, suggests, theory, anonymous, employee_id, session_id, created_by, created_date) VALUES (NULL, NULL, NULL, NULL, NULL, NULL, NULL, NULL, NULL, false, (SELECT id FROM employee WHERE login='schassande'), (SELECT id FROM session WHERE training_id=(SELECT id FROM training WHERE name='angular 2') LIMIT 1), 'jntakpe', CURRENT_TIMESTAMP);
INSERT INTO rating (animation, cons, documentation, exercices, pratice, pros, subject, suggests, theory, anonymous, employee_id, session_id, created_by, created_date) VALUES (NULL, NULL, NULL, NULL, NULL, NULL, NULL, NULL, NULL, false, (SELECT id FROM employee WHERE login='bheintz'), (SELECT id FROM session WHERE training_id=(SELECT id FROM training WHERE name='angular 2') LIMIT 1), 'jntakpe', CURRENT_TIMESTAMP);
INSERT INTO rating (animation, cons, documentation, exercices, pratice, pros, subject, suggests, theory, anonymous, employee_id, session_id, created_by, created_date) VALUES (NULL, NULL, NULL, NULL, NULL, NULL, NULL, NULL, NULL, false, (SELECT id FROM employee WHERE login='asirko'), (SELECT id FROM session WHERE training_id=(SELECT id FROM training WHERE name='angular 2') LIMIT 1), 'jntakpe', CURRENT_TIMESTAMP);
INSERT INTO rating (animation, cons, documentation, exercices, pratice, pros, subject, suggests, theory, anonymous, employee_id, session_id, created_by, created_date) VALUES (NULL, NULL, NULL, NULL, NULL, NULL, NULL, NULL, NULL, false, (SELECT id FROM employee WHERE login='asirko'), (SELECT id FROM session WHERE training_id=(SELECT id FROM training WHERE name='angularJS') LIMIT 1), 'jntakpe', CURRENT_TIMESTAMP);
INSERT INTO rating (animation, cons, documentation, exercices, pratice, pros, subject, suggests, theory, anonymous, employee_id, session_id, created_by, created_date) VALUES (NULL, NULL, NULL, NULL, NULL, NULL, NULL, NULL, NULL, false, (SELECT id FROM employee WHERE login='vhamet'), (SELECT id FROM session WHERE training_id=(SELECT id FROM training WHERE name='angular 2') LIMIT 1), 'jntakpe', CURRENT_TIMESTAMP);
INSERT INTO rating (animation, cons, documentation, exercices, pratice, pros, subject, suggests, theory, anonymous, employee_id, session_id, created_by, created_date) VALUES (NULL, NULL, NULL, NULL, NULL, NULL, NULL, NULL, NULL, false, (SELECT id FROM employee WHERE login='vhamet'), (SELECT id FROM session WHERE training_id=(SELECT id FROM training WHERE name='hibernate') LIMIT 1), 'jntakpe', CURRENT_TIMESTAMP);

--@formatter:on